name;price;url
"Apple iPad Air 11"" M4 Wi-Fi 128 ГБ Blue (синий)";63500;https://trubkoved.ru/catalog/planshety/apple-planshety/apple-ipad-air-11-m4-wi-fi-128-gb-blue-siniy/
"Apple iPad Air 11"" M4 Wi-Fi 128 ГБ Purple (фиолетовый)";63500;https://trubkoved.ru/catalog/planshety/apple-planshety/apple-ipad-air-11-m4-wi-fi-128-gb-purple-fioletovyy/
"Apple iPad Air 11"" M4 Wi-Fi 128 ГБ Space Gray (серый космос)";63500;https://trubkoved.ru/catalog/planshety/apple-planshety/apple-ipad-air-11-m4-wi-fi-128-gb-space-gray-seryy-kosmos/
"Apple iPad Air 11"" M4 Wi-Fi 128 ГБ Starlight (сияющая звезда)";63500;https://trubkoved.ru/catalog/planshety/apple-planshety/apple-ipad-air-11-m4-wi-fi-128-gb-starlight-siyayushchaya-zvezda/
"Apple iPad Air 11"" M4 Wi-Fi 256 ГБ Blue (синий)";74000;https://trubkoved.ru/catalog/planshety/apple-planshety/apple-ipad-air-11-m4-wi-fi-256-gb-blue-siniy/
"Apple iPad Air 11"" M4 Wi-Fi 256 ГБ Starlight (сияющая звезда)";78500;https://trubkoved.ru/catalog/planshety/apple-planshety/apple-ipad-air-11-m4-wi-fi-256-gb-starlight-siyayushchaya-zvezda/
"Apple iPad Air 13"" M4 Wi-Fi 128 ГБ Blue (синий)";75000;https://trubkoved.ru/catalog/planshety/apple-planshety/apple-ipad-air-13-m4-wi-fi-128-gb-blue-siniy/
"Apple iPad Air 13"" M4 Wi-Fi 128 ГБ Space Black (космический чёрный)";75000;https://trubkoved.ru/catalog/planshety/apple-planshety/apple-ipad-air-13-m4-wi-fi-128-gb-space-black-kosmicheskiy-chyernyy/
"Apple iPad Air 13"" M4 Wi-Fi 128 ГБ Starlight (сияющая звезда)";75000;https://trubkoved.ru/catalog/planshety/apple-planshety/apple-ipad-air-13-m4-wi-fi-128-gb-starlight-siyayushchaya-zvezda/
"Apple iPad Air 13"" M4 Wi-Fi 256 ГБ Blue (синий)";84000;https://trubkoved.ru/catalog/planshety/apple-planshety/apple-ipad-air-13-m4-wi-fi-256-gb-blue-siniy/
"Apple iPad Air 13"" M4 Wi-Fi 256 ГБ Space Black (космический чёрный)";84000;https://trubkoved.ru/catalog/planshety/apple-planshety/apple-ipad-air-13-m4-wi-fi-256-gb-space-black-kosmicheskiy-chyernyy/
"Apple iPad Air 13"" M4 Wi-Fi 256 ГБ Starlight (сияющая звезда)";84000;https://trubkoved.ru/catalog/planshety/apple-planshety/apple-ipad-air-13-m4-wi-fi-256-gb-starlight-siyayushchaya-zvezda/
Honor Pad 10 Wi-Fi 8/256 ГБ Cyan (бирюзовый) Global Version;27000;https://trubkoved.ru/catalog/planshety/honor-planshety/honor-pad-10-wi-fi-8-256-gb-cyan-global/
Honor Pad 10 Wi-Fi 8/256 ГБ Gray (серый) Global Version;27000;https://trubkoved.ru/catalog/planshety/honor-planshety/honor-pad-10-wi-fi-8-256-gb-gray-global/
OnePlus Pad 2 Wi-Fi 16/512 ГБ Emerald (зелёный) EU;37499;https://trubkoved.ru/catalog/planshety/oneplus-planshety/oneplus-pad-2-wi-fi-16-512-gb-emerald-eu/
OnePlus Pad 4 12/256 ГБ Dune Glow (золотистый) EU;53500;https://trubkoved.ru/catalog/planshety/oneplus-planshety/oneplus-pad-4-12-256-gb-dune-glow-zolotistyy-eu/
OnePlus Pad 4 12/256 ГБ Sage Mist (зеленый) EU;53500;https://trubkoved.ru/catalog/planshety/oneplus-planshety/oneplus-pad-4-12-256-gb-sage-mist-zelenyy-eu/
OnePlus Pad 4 12/512 ГБ Dune Glow (золотистый) EU;60000;https://trubkoved.ru/catalog/planshety/oneplus-planshety/oneplus-pad-4-12-512-gb-dune-glow-zolotistyy-eu/
OnePlus Pad 4 12/512 ГБ Sage Mist (зеленый) EU;58000;https://trubkoved.ru/catalog/planshety/oneplus-planshety/oneplus-pad-4-12-512-gb-sage-mist-zelenyy-eu/
OnePlus Pad Lite 4G LTE 8/128 ГБ Aero Blue (голубой) EU;21499;https://trubkoved.ru/catalog/planshety/oneplus-planshety/oneplus-pad-lite-4g-8-128-gb-aero-blue-eu/
Samsung Galaxy Tab S10 FE 5G 8/128 ГБ Blue (синий) Global Version;42100;https://trubkoved.ru/catalog/planshety/samsung-planshety/samsung-galaxy-tab-s10-fe-5g-8-128-gb-blue-siniy-global-version/
Samsung Galaxy Tab S10 FE 5G 8/128 ГБ Silver (серебристый) Global Version;42100;https://trubkoved.ru/catalog/planshety/samsung-planshety/samsung-galaxy-tab-s10-fe-5g-8-128-gb-silver-serebristyy-global-version/
Samsung Galaxy Tab S10 FE+ 5G 12/256 ГБ Blue (синий) Global Version;59800;https://trubkoved.ru/catalog/planshety/samsung-planshety/samsung-galaxy-tab-s10-fe-plus-5g-12-256-gb-blue-siniy-global-version/
Samsung Galaxy Tab S10 FE+ 5G 12/256 ГБ Gray (серый) Global Version;59800;https://trubkoved.ru/catalog/planshety/samsung-planshety/samsung-galaxy-tab-s10-fe-plus-5g-12-256-gb-gray-seryy-global-version/
Samsung Galaxy Tab S10 FE+ 5G 12/256 ГБ Silver (серебристый) Global Version;59800;https://trubkoved.ru/catalog/planshety/samsung-planshety/samsung-galaxy-tab-s10-fe-plus-5g-12-256-gb-silver-serebristyy-global-version/
Samsung Galaxy Tab S10 FE+ 5G 8/128 ГБ Blue (синий) Global Version;53000;https://trubkoved.ru/catalog/planshety/samsung-planshety/samsung-galaxy-tab-s10-fe-plus-5g-8-128-gb-blue-siniy-global-version/
Samsung Galaxy Tab S10 FE+ 5G 8/128 ГБ Gray (серый) Global Version;53000;https://trubkoved.ru/catalog/planshety/samsung-planshety/samsung-galaxy-tab-s10-fe-plus-5g-8-128-gb-gray-seryy-global-version/
Samsung Galaxy Tab S10 FE+ Wi-Fi 8/128 ГБ Blue (синий) Global Version;43400;https://trubkoved.ru/catalog/planshety/samsung-planshety/samsung-galaxy-tab-s10-fe-plus-wi-fi-8-128-gb-blue-siniy-global-version/
Samsung Galaxy Tab S10 FE+ Wi-Fi 8/128 ГБ Gray (серый) Global Version;43400;https://trubkoved.ru/catalog/planshety/samsung-planshety/samsung-galaxy-tab-s10-fe-plus-wi-fi-8-128-gb-gray-seryy-global-version/
Samsung Galaxy Tab S10 FE+ Wi-Fi 8/128 ГБ Silver (серебристый) Global Version;43400;https://trubkoved.ru/catalog/planshety/samsung-planshety/samsung-galaxy-tab-s10-fe-plus-wi-fi-8-128-gb-silver-serebristyy-global-version/
Samsung Galaxy Tab S11 5G 12/512 ГБ Platinum Silver (серебристый) Global Version;82500;https://trubkoved.ru/catalog/planshety/samsung-planshety/samsung-galaxy-tab-s11-5g-12-512-gb-platinum-silver-serebristyy-global-version/
Samsung Galaxy Tab S11 Ultra Wi-Fi 16/1 ТБ Platinum Silver (серебристый) Global Version;113500;https://trubkoved.ru/catalog/planshety/samsung-planshety/samsung-galaxy-tab-s11-ultra-16-1-tb-platinum-silver-serebristyy-global-version/
Samsung Galaxy Tab S11 Ultra 5G 12/256 ГБ Moonstone Gray (серый) Global Version;100000;https://trubkoved.ru/catalog/planshety/samsung-planshety/samsung-galaxy-tab-s11-ultra-5g-12-256-gb-moonstone-gray-seryy-global-version/
Samsung Galaxy Tab S11 Ultra 5G 12/512 ГБ Moonstone Gray (серый) Global Version;110500;https://trubkoved.ru/catalog/planshety/samsung-planshety/samsung-galaxy-tab-s11-ultra-5g-12-512-gb-moonstone-gray-seryy-global-version/
Samsung Galaxy Tab S11 Ultra Wi-Fi 12/256 ГБ Moonstone Gray (серый) Global Version;93500;https://trubkoved.ru/catalog/planshety/samsung-planshety/samsung-galaxy-tab-s11-ultra-wi-fi-12-256-gb-moonstone-gray-seryy-global-version/
Xiaomi Pad 7 12/256 ГБ Green (зеленый) Global Version;32300;https://trubkoved.ru/catalog/planshety/xiaomi-planshety/xiaomi-pad-7-12-256-green-global-version-tablet/
Xiaomi Pad 7 12/256 ГБ Grey (серый) Global Version;32300;https://trubkoved.ru/catalog/planshety/xiaomi-planshety/xiaomi-pad-7-12256-gb-grey-seryj-global-version/
Xiaomi Pad 7 8/256 ГБ Blue (синий) Global Version;29000;https://trubkoved.ru/catalog/planshety/xiaomi-planshety/xiaomi-pad-7-8-256-gb-blue-sinij-global-version/
Xiaomi Pad 7 8/256 ГБ Gray (серый) Global Version;29000;https://trubkoved.ru/catalog/planshety/xiaomi-planshety/xiaomi-pad-7-8-256-gb-gray-seryj-global-version/
Xiaomi Pad 7 8/256 ГБ Green (зеленый) Global Version;29000;https://trubkoved.ru/catalog/planshety/xiaomi-planshety/xiaomi-pad-7-8-256-green-global-version-tablet/
Xiaomi Pad 8 Pro 12/512 ГБ Blue (синий) Global Version;54500;https://trubkoved.ru/catalog/planshety/xiaomi-planshety/xiaomi-pad-8-pro-12512-gb-blue-sinij-global-version/
Xiaomi Pad 8 Pro 12/512 ГБ Grey (серый) Global Version;54500;https://trubkoved.ru/catalog/planshety/xiaomi-planshety/xiaomi-pad-8-pro-12512-gb-grey-seryj-global-version/
Xiaomi Pad 8 Pro 8/256 ГБ Grey (серый) Global Version;49000;https://trubkoved.ru/catalog/planshety/xiaomi-planshety/xiaomi-pad-8-pro-8-256-grey-global-version-tablet/
Xiaomi Poco Pad M1 8/256 ГБ Grey (серый) Global Version;21900;https://trubkoved.ru/catalog/planshety/xiaomi-planshety/xiaomi-poco-pad-m1-8256-gb-grey-seryj-global-version/
Apple iPhone 16 Plus 128 ГБ, eSIM, Black (чёрный);70600;https://trubkoved.ru/catalog/smartfony/apple/apple-iphone-16-plus-128-gb-esim-black-chyernyy/
Apple iPhone 16 Plus 128 ГБ, eSIM, Pink (розовый);71900;https://trubkoved.ru/catalog/smartfony/apple/apple-iphone-16-plus-128-gb-esim-pink-rozovyy/
Apple iPhone 16 Plus 128 ГБ, eSIM, Teal (бирюзовый);71400;https://trubkoved.ru/catalog/smartfony/apple/apple-iphone-16-plus-128-gb-esim-teal-biryuzovyy/
Apple iPhone 16 Plus 128 ГБ, eSIM, Ultramarine (синий);71900;https://trubkoved.ru/catalog/smartfony/apple/apple-iphone-16-plus-128-gb-esim-ultramarine-siniy/
Apple iPhone 16 Plus 128 ГБ, eSIM, White (белый);70600;https://trubkoved.ru/catalog/smartfony/apple/apple-iphone-16-plus-128-gb-esim-white-belyy/
Apple iPhone 16 Plus 256 ГБ, eSIM, Black (чёрный);80400;https://trubkoved.ru/catalog/smartfony/apple/apple-iphone-16-plus-256-gb-esim-black-chyernyy/
Apple iPhone 16 Plus 256 ГБ, eSIM, Pink (розовый);81400;https://trubkoved.ru/catalog/smartfony/apple/apple-iphone-16-plus-256-gb-esim-pink-rozovyy/
Apple iPhone 16 Plus 256 ГБ, eSIM, Teal (бирюзовый);81100;https://trubkoved.ru/catalog/smartfony/apple/apple-iphone-16-plus-256-gb-esim-teal-biryuzovyy/
Apple iPhone 16 Plus 256 ГБ, eSIM, Ultramarine (синий);80500;https://trubkoved.ru/catalog/smartfony/apple/apple-iphone-16-plus-256-gb-esim-ultramarine-siniy/
Apple iPhone 16 Plus 512 ГБ, eSIM, Black (чёрный);71100;https://trubkoved.ru/catalog/smartfony/apple/apple-iphone-16-plus-512-gb-esim-black-chyernyy/
Apple iPhone 16 Plus 512 ГБ, eSIM, Pink (розовый);81500;https://trubkoved.ru/catalog/smartfony/apple/apple-iphone-16-plus-512-gb-esim-pink-rozovyy/
Apple iPhone 16 Plus 512 ГБ, eSIM, Teal (бирюзовый);96500;https://trubkoved.ru/catalog/smartfony/apple/apple-iphone-16-plus-512-gb-esim-teal-biryuzovyy/
Apple iPhone 16 Pro Max 512 ГБ, eSIM, Natural Titanium (натуральный титан);111900;https://trubkoved.ru/catalog/smartfony/apple/apple-iphone-16-pro-max-512-gb-esim-natural-titanium-naturalnyy-titan/
Apple iPhone 17 256 ГБ, eSIM, Black (чёрный);75600;https://trubkoved.ru/catalog/smartfony/apple/apple-iphone-17-256-gb-esim-black-chyernyy/
Apple iPhone 17 256 ГБ, eSIM, Lavender (лавандовый);75600;https://trubkoved.ru/catalog/smartfony/apple/apple-iphone-17-256-gb-esim-lavender-lavandovyy/
Apple iPhone 17 256 ГБ, eSIM, Mist Blue (голубой);75600;https://trubkoved.ru/catalog/smartfony/apple/apple-iphone-17-256-gb-esim-mist-blue-goluboy/
Apple iPhone 17 256 ГБ, eSIM, Sage (зелёный);75600;https://trubkoved.ru/catalog/smartfony/apple/apple-iphone-17-256-gb-esim-sage-zelyenyy/
Apple iPhone 17 256 ГБ, eSIM, White (белый);75600;https://trubkoved.ru/catalog/smartfony/apple/apple-iphone-17-256-gb-esim-white-belyy/
Apple iPhone 17 256 ГБ, nano SIM + eSIM, Black (чёрный);78500;https://trubkoved.ru/catalog/smartfony/apple/apple-iphone-17-256-gb-nano-sim-esim-black-chyernyy/
Apple iPhone 17 256 ГБ, nano SIM + eSIM, Lavender (лавандовый);78500;https://trubkoved.ru/catalog/smartfony/apple/apple-iphone-17-256-gb-nano-sim-esim-lavender-lavandovyy/
Apple iPhone 17 256 ГБ, nano SIM + eSIM, Mist Blue (голубой);78500;https://trubkoved.ru/catalog/smartfony/apple/apple-iphone-17-256-gb-nano-sim-esim-mist-blue-goluboy/
Apple iPhone 17 256 ГБ, nano SIM + eSIM, Sage (зелёный);78500;https://trubkoved.ru/catalog/smartfony/apple/apple-iphone-17-256-gb-nano-sim-esim-sage-zelyenyy/
Apple iPhone 17 256 ГБ, nano SIM + eSIM, White (белый);78500;https://trubkoved.ru/catalog/smartfony/apple/apple-iphone-17-256-gb-nano-sim-esim-white-belyy/
Apple iPhone 17 512 ГБ, eSIM, Black (чёрный);91400;https://trubkoved.ru/catalog/smartfony/apple/apple-iphone-17-512-gb-esim-black-chyernyy/
Apple iPhone 17 512 ГБ, nano SIM + eSIM, Black (чёрный);95800;https://trubkoved.ru/catalog/smartfony/apple/apple-iphone-17-512-gb-nano-sim-esim-black-chyernyy/
Apple iPhone 17 512 ГБ, nano SIM + eSIM, Lavender (лавандовый);96800;https://trubkoved.ru/catalog/smartfony/apple/apple-iphone-17-512-gb-nano-sim-esim-lavender-lavandovyy/
Apple iPhone 17 512 ГБ, nano SIM + eSIM, Mist Blue (голубой);95700;https://trubkoved.ru/catalog/smartfony/apple/apple-iphone-17-512-gb-nano-sim-esim-mist-blue-goluboy/
Apple iPhone 17 512 ГБ, nano SIM + eSIM, Sage (зелёный);97900;https://trubkoved.ru/catalog/smartfony/apple/apple-iphone-17-512-gb-nano-sim-esim-sage-zelyenyy/
Apple iPhone 17 512 ГБ, nano SIM + eSIM, White (белый);97300;https://trubkoved.ru/catalog/smartfony/apple/apple-iphone-17-512-gb-nano-sim-esim-white-belyy/
Apple iPhone 17 Pro 1 ТБ, eSIM, Cosmic Orange (оранжевый);130000;https://trubkoved.ru/catalog/smartfony/apple/apple-iphone-17-pro-1-tb-esim-cosmic-orange-oranzhevyy/
Apple iPhone 17 Pro 1 ТБ, eSIM, Deep Blue (тёмно-синий);131500;https://trubkoved.ru/catalog/smartfony/apple/apple-iphone-17-pro-1-tb-esim-deep-blue-tyemno-siniy/
Apple iPhone 17 Pro 1 ТБ, eSIM, Silver (серебристый);133000;https://trubkoved.ru/catalog/smartfony/apple/apple-iphone-17-pro-1-tb-esim-silver-serebristyy/
Apple iPhone 17 Pro 1 ТБ, nano SIM + eSIM, Cosmic Orange (оранжевый);137000;https://trubkoved.ru/catalog/smartfony/apple/apple-iphone-17-pro-1-tb-nano-sim-esim-cosmic-orange-oranzhevyy/
Apple iPhone 17 Pro 1 ТБ, nano SIM + eSIM, Deep Blue (тёмно-синий);140000;https://trubkoved.ru/catalog/smartfony/apple/apple-iphone-17-pro-1-tb-nano-sim-esim-deep-blue-tyemno-siniy/
Apple iPhone 17 Pro 1 ТБ, nano SIM + eSIM, Silver (серебристый);142100;https://trubkoved.ru/catalog/smartfony/apple/apple-iphone-17-pro-1-tb-nano-sim-esim-silver-serebristyy/
Apple iPhone 17 Pro 256 ГБ, eSIM, Cosmic Orange (оранжевый);100000;https://trubkoved.ru/catalog/smartfony/apple/apple-iphone-17-pro-256-gb-esim-cosmic-orange-oranzhevyy/
Apple iPhone 17 Pro 256 ГБ, eSIM, Deep Blue (тёмно-синий);102500;https://trubkoved.ru/catalog/smartfony/apple/apple-iphone-17-pro-256-gb-esim-deep-blue-tyemno-siniy/
Apple iPhone 17 Pro 256 ГБ, eSIM, Silver (серебристый);102500;https://trubkoved.ru/catalog/smartfony/apple/apple-iphone-17-pro-256-gb-esim-silver-serebristyy/
Apple iPhone 17 Pro 256 ГБ, nano SIM + eSIM, Cosmic Orange (оранжевый);104500;https://trubkoved.ru/catalog/smartfony/apple/apple-iphone-17-pro-256-gb-nano-sim-esim-cosmic-orange-oranzhevyy/
Apple iPhone 17 Pro 256 ГБ, nano SIM + eSIM, Deep Blue (тёмно-синий);104000;https://trubkoved.ru/catalog/smartfony/apple/apple-iphone-17-pro-256-gb-nano-sim-esim-deep-blue-tyemno-siniy/
Apple iPhone 17 Pro 256 ГБ, nano SIM + eSIM, Silver (серебристый);106000;https://trubkoved.ru/catalog/smartfony/apple/apple-iphone-17-pro-256-gb-nano-sim-esim-silver-serebristyy/
Apple iPhone 17 Pro 512 ГБ, eSIM, Cosmic Orange (оранжевый);116500;https://trubkoved.ru/catalog/smartfony/apple/apple-iphone-17-pro-512-gb-esim-cosmic-orange-oranzhevyy/
Apple iPhone 17 Pro 512 ГБ, eSIM, Deep Blue (тёмно-синий);118500;https://trubkoved.ru/catalog/smartfony/apple/apple-iphone-17-pro-512-gb-esim-deep-blue-tyemno-siniy/
Apple iPhone 17 Pro 512 ГБ, eSIM, Silver (серебристый);117500;https://trubkoved.ru/catalog/smartfony/apple/apple-iphone-17-pro-512-gb-esim-silver-serebristyy/
Apple iPhone 17 Pro 512 ГБ, nano SIM + eSIM, Cosmic Orange (оранжевый);123500;https://trubkoved.ru/catalog/smartfony/apple/apple-iphone-17-pro-512-gb-nano-sim-esim-cosmic-orange-oranzhevyy/
Apple iPhone 17 Pro 512 ГБ, nano SIM + eSIM, Deep Blue (тёмно-синий);124500;https://trubkoved.ru/catalog/smartfony/apple/apple-iphone-17-pro-512-gb-nano-sim-esim-deep-blue-tyemno-siniy/
Apple iPhone 17 Pro 512 ГБ, nano SIM + eSIM, Silver (серебристый);126000;https://trubkoved.ru/catalog/smartfony/apple/apple-iphone-17-pro-512-gb-nano-sim-esim-silver-serebristyy/
Apple iPhone 17 Pro Max 1 ТБ, eSIM, Cosmic Orange (оранжевый);141000;https://trubkoved.ru/catalog/smartfony/apple/apple-iphone-17-pro-max-1-tb-esim-cosmic-orange-oranzhevyy/
Apple iPhone 17 Pro Max 1 ТБ, eSIM, Deep Blue (тёмно-синий);141500;https://trubkoved.ru/catalog/smartfony/apple/apple-iphone-17-pro-max-1-tb-esim-deep-blue-tyemno-siniy/
Apple iPhone 17 Pro Max 1 ТБ, eSIM, Silver (серебристый);142000;https://trubkoved.ru/catalog/smartfony/apple/apple-iphone-17-pro-max-1-tb-esim-silver-serebristyy/
Apple iPhone 17 Pro Max 1 ТБ, nano SIM + eSIM, Deep Blue (тёмно-синий);152000;https://trubkoved.ru/catalog/smartfony/apple/apple-iphone-17-pro-max-1-tb-nano-sim-esim-deep-blue-tyemno-siniy/
Apple iPhone 17 Pro Max 1 ТБ, nano SIM + eSIM, Silver (серебристый);153500;https://trubkoved.ru/catalog/smartfony/apple/apple-iphone-17-pro-max-1-tb-nano-sim-esim-silver-serebristyy/
Apple iPhone 17 Pro Max 2 ТБ, eSIM, Cosmic Orange (оранжевый);156500;https://trubkoved.ru/catalog/smartfony/apple/apple-iphone-17-pro-max-2-tb-esim-cosmic-orange-oranzhevyy/
Apple iPhone 17 Pro Max 2 ТБ, eSIM, Silver (серебристый);161300;https://trubkoved.ru/catalog/smartfony/apple/apple-iphone-17-pro-max-2-tb-esim-silver-serebristyy/
Apple iPhone 17 Pro Max 2 ТБ, nano SIM + eSIM, Cosmic Orange (оранжевый);173000;https://trubkoved.ru/catalog/smartfony/apple/apple-iphone-17-pro-max-2-tb-nano-sim-esim-cosmic-orange-oranzhevyy/
Apple iPhone 17 Pro Max 2 ТБ, nano SIM + eSIM, Deep Blue (тёмно-синий);174500;https://trubkoved.ru/catalog/smartfony/apple/apple-iphone-17-pro-max-2-tb-nano-sim-esim-deep-blue-tyemno-siniy/
Apple iPhone 17 Pro Max 256 ГБ, eSIM, Cosmic Orange (оранжевый);107500;https://trubkoved.ru/catalog/smartfony/apple/apple-iphone-17-pro-max-256-gb-esim-cosmic-orange-oranzhevyy/
Apple iPhone 17 Pro Max 256 ГБ, eSIM, Deep Blue (тёмно-синий);107500;https://trubkoved.ru/catalog/smartfony/apple/apple-iphone-17-pro-max-256-gb-esim-deep-blue-tyemno-siniy/
Apple iPhone 17 Pro Max 256 ГБ, eSIM, Silver (серебристый);109500;https://trubkoved.ru/catalog/smartfony/apple/apple-iphone-17-pro-max-256-gb-esim-silver-serebristyy/
Apple iPhone 17 Pro Max 256 ГБ, nano SIM + eSIM, Cosmic Orange (оранжевый);114500;https://trubkoved.ru/catalog/smartfony/apple/apple-iphone-17-pro-max-256-gb-nano-sim-esim-cosmic-orange-oranzhevyy/
Apple iPhone 17 Pro Max 256 ГБ, nano SIM + eSIM, Deep Blue (тёмно-синий);115000;https://trubkoved.ru/catalog/smartfony/apple/apple-iphone-17-pro-max-256-gb-nano-sim-esim-deep-blue-tyemno-siniy/
Apple iPhone 17 Pro Max 256 ГБ, nano SIM + eSIM, Silver (серебристый);116500;https://trubkoved.ru/catalog/smartfony/apple/apple-iphone-17-pro-max-256-gb-nano-sim-esim-silver-serebristyy/
Apple iPhone 17 Pro Max 512 ГБ, eSIM, Cosmic Orange (оранжевый);124500;https://trubkoved.ru/catalog/smartfony/apple/apple-iphone-17-pro-max-512-gb-esim-cosmic-orange-oranzhevyy/
Apple iPhone 17 Pro Max 512 ГБ, eSIM, Deep Blue (тёмно-синий);124500;https://trubkoved.ru/catalog/smartfony/apple/apple-iphone-17-pro-max-512-gb-esim-deep-blue-tyemno-siniy/
Apple iPhone 17 Pro Max 512 ГБ, eSIM, Silver (серебристый);125000;https://trubkoved.ru/catalog/smartfony/apple/apple-iphone-17-pro-max-512-gb-esim-silver-serebristyy/
Apple iPhone 17 Pro Max 512 ГБ, nano SIM + eSIM, Cosmic Orange (оранжевый);135000;https://trubkoved.ru/catalog/smartfony/apple/apple-iphone-17-pro-max-512-gb-nano-sim-esim-cosmic-orange-oranzhevyy/
Apple iPhone 17 Pro Max 512 ГБ, nano SIM + eSIM, Deep Blue (тёмно-синий);138000;https://trubkoved.ru/catalog/smartfony/apple/apple-iphone-17-pro-max-512-gb-nano-sim-esim-deep-blue-tyemno-siniy/
Apple iPhone 17 Pro Max 512 ГБ, nano SIM + eSIM, Silver (серебристый);137500;https://trubkoved.ru/catalog/smartfony/apple/apple-iphone-17-pro-max-512-gb-nano-sim-esim-silver-serebristyy/
Apple iPhone 17e 256 ГБ, eSIM, Black (чёрный);56200;https://trubkoved.ru/catalog/smartfony/apple/apple-iphone-17e-256-gb-esim-black-chyernyy/
Apple iPhone 17e 256 ГБ, eSIM, Soft Pink (нежно-розовый);56200;https://trubkoved.ru/catalog/smartfony/apple/apple-iphone-17e-256-gb-esim-soft-pink-nezhno-rozovyy/
Apple iPhone 17e 256 ГБ, eSIM, White (белый);56200;https://trubkoved.ru/catalog/smartfony/apple/apple-iphone-17e-256-gb-esim-white-belyy/
Apple iPhone 17e 256 ГБ, nano SIM + eSIM, Black (чёрный);59100;https://trubkoved.ru/catalog/smartfony/apple/apple-iphone-17e-256-gb-nano-sim-esim-black-chyernyy/
Apple iPhone 17e 256 ГБ, nano SIM + eSIM, Soft Pink (нежно-розовый);59700;https://trubkoved.ru/catalog/smartfony/apple/apple-iphone-17e-256-gb-nano-sim-esim-soft-pink-nezhno-rozovyy/
Apple iPhone 17e 256 ГБ, nano SIM + eSIM, White (белый);58700;https://trubkoved.ru/catalog/smartfony/apple/apple-iphone-17e-256-gb-nano-sim-esim-white-belyy/
Apple iPhone 17e 512 ГБ, eSIM, Black (чёрный);70700;https://trubkoved.ru/catalog/smartfony/apple/apple-iphone-17e-512-gb-esim-black-chyernyy/
Apple iPhone 17e 512 ГБ, eSIM, White (белый);70600;https://trubkoved.ru/catalog/smartfony/apple/apple-iphone-17e-512-gb-esim-white-belyy/
Apple iPhone Air 1 ТБ, eSIM, Cloud White (белый);94500;https://trubkoved.ru/catalog/smartfony/apple/apple-iphone-air-1-tb-esim-cloud-white-belyy/
Apple iPhone Air 1 ТБ, eSIM, Light Gold (золотистый);92000;https://trubkoved.ru/catalog/smartfony/apple/apple-iphone-air-1-tb-esim-light-gold-zolotistyy/
Apple iPhone Air 1 ТБ, eSIM, Sky Blue (голубой);89500;https://trubkoved.ru/catalog/smartfony/apple/apple-iphone-air-1-tb-esim-sky-blue-goluboy/
Apple iPhone Air 1 ТБ, eSIM, Space Black (чёрный);92000;https://trubkoved.ru/catalog/smartfony/apple/apple-iphone-air-1-tb-esim-space-black-chyernyy/
Apple iPhone Air 256 ГБ, eSIM, Cloud White (белый);77000;https://trubkoved.ru/catalog/smartfony/apple/apple-iphone-air-256-gb-esim-cloud-white-belyy/
Apple iPhone Air 256 ГБ, eSIM, Light Gold (золотистый);77000;https://trubkoved.ru/catalog/smartfony/apple/apple-iphone-air-256-gb-esim-light-gold-zolotistyy/
Apple iPhone Air 256 ГБ, eSIM, Sky Blue (голубой);77000;https://trubkoved.ru/catalog/smartfony/apple/apple-iphone-air-256-gb-esim-sky-blue-goluboy/
Apple iPhone Air 256 ГБ, eSIM, Space Black (чёрный);77000;https://trubkoved.ru/catalog/smartfony/apple/apple-iphone-air-256-gb-esim-space-black-chyernyy/
Apple iPhone Air 512 ГБ, eSIM, Cloud White (белый);82000;https://trubkoved.ru/catalog/smartfony/apple/apple-iphone-air-512-gb-esim-cloud-white-belyy/
Apple iPhone Air 512 ГБ, eSIM, Light Gold (золотистый);82000;https://trubkoved.ru/catalog/smartfony/apple/apple-iphone-air-512-gb-esim-light-gold-zolotistyy/
Apple iPhone Air 512 ГБ, eSIM, Sky Blue (голубой);82000;https://trubkoved.ru/catalog/smartfony/apple/apple-iphone-air-512-gb-esim-sky-blue-goluboy/
Apple iPhone Air 512 ГБ, eSIM, Space Black (чёрный);86500;https://trubkoved.ru/catalog/smartfony/apple/apple-iphone-air-512-gb-esim-space-black-chyernyy/
Google Pixel 10 5G 12/256 ГБ Indigo (индиго) Global Version;57500;https://trubkoved.ru/catalog/smartfony/google/google-pixel-10-12-256-indigo-global-version/
Google Pixel 10 5G 12/256 ГБ Obsidian (чёрный) Global Version;56500;https://trubkoved.ru/catalog/smartfony/google/google-pixel-10-12256-gb-obsidian-global-version/
Google Pixel 10 Pro XL 5G 16/256 ГБ Obsidian (чёрный) Global Version;76500;https://trubkoved.ru/catalog/smartfony/google/google-pixel-10-pro-xl-16-256-obsidian-global-version/
Google Pixel 10 Pro XL 5G 16/256 ГБ Moonstone (серый) Global Version;76500;https://trubkoved.ru/catalog/smartfony/google/google-pixel-10-pro-xl-16256-gb-moonstone-global-version/
Google Pixel 10 Pro XL 5G 16/256 ГБ Porcelain (белый) Global Version;76500;https://trubkoved.ru/catalog/smartfony/google/google-pixel-10-pro-xl-16256-gb-porcelain-global-version/
Google Pixel 10 Pro XL 5G 16/256 ГБ Porcelain (белый) eSIM;75500;https://trubkoved.ru/catalog/smartfony/google/google-pixel-10-pro-xl-5g-16-256-gb-porcelain-belyy-esim/
Google Pixel 10a 5G 8/128 ГБ Lavender (лавандовый) Global Version;37990;https://trubkoved.ru/catalog/smartfony/google/google-pixel-10a-5g-8-128-gb-lavender-lavandovyy-global-version/
Honor 400 Pro 12/512 ГБ Black (чёрный) Global Version;49000;https://trubkoved.ru/catalog/smartfony/honor/honor-400-pro-12-512-black-global-version/
Honor 600 12/256 ГБ Golden White (Белый) EU;44000;https://trubkoved.ru/catalog/smartfony/honor/honor-600-12-256gb-golden-white-belyy-eu/
Honor 600 12/256 ГБ Orange (Оранжевый) EU;44000;https://trubkoved.ru/catalog/smartfony/honor/honor-600-12-256gb-orange-oranzhevyy-eu/
Honor 600 12/512 ГБ Black (чёрный) EU;46990;https://trubkoved.ru/catalog/smartfony/honor/honor-600-12-512-black-eu/
Honor 600 Pro 12/256 ГБ Black (Чёрный) EU;62500;https://trubkoved.ru/catalog/smartfony/honor/honor-600-pro-12-256gb-black-chyernyy-eu/
Honor 600 Pro 12/256 ГБ Golden White (Белый) EU;62500;https://trubkoved.ru/catalog/smartfony/honor/honor-600-pro-12-256gb-golden-white-belyy-eu/
Honor 600 Pro 12/256 ГБ Orange (Оранжевый) EU;62500;https://trubkoved.ru/catalog/smartfony/honor/honor-600-pro-12-256gb-orange-oranzhevyy-eu/
Honor 600 Pro 12/512 ГБ Black (Чёрный) EU;64990;https://trubkoved.ru/catalog/smartfony/honor/honor-600-pro-12-512gb-black-chyernyy-eu/
Honor 600 Pro 12/512 ГБ Golden White (Белый) EU;63990;https://trubkoved.ru/catalog/smartfony/honor/honor-600-pro-12-512gb-golden-white-belyy-eu/
Honor 600 Pro 12/512 ГБ Orange (Оранжевый) EU;64990;https://trubkoved.ru/catalog/smartfony/honor/honor-600-pro-12-512gb-orange-oranzhevyy-eu/
Honor Magic 7 Pro 12/512 ГБ Black (чёрный) Global Version;67000;https://trubkoved.ru/catalog/smartfony/honor/honor-magic-7-pro-12-512gb-black-chernyy-global-version/
Honor Magic 7 Pro 12/512 ГБ Breeze Blue (голубой) Global Version;67000;https://trubkoved.ru/catalog/smartfony/honor/honor-magic-7-pro-12-512gb-breeze-blue-goluboy-global-version/
Honor Magic 7 Pro 12/512 ГБ Lunar Shadow Grey (серый) Global Version;67000;https://trubkoved.ru/catalog/smartfony/honor/honor-magic-7-pro-12-512gb-lunar-shadow-grey-seryy-global-version/
Honor Magic 8 Pro 12/512 ГБ Sky (синий) Global Version;77500;https://trubkoved.ru/catalog/smartfony/honor/honor-magic-8-pro-12512-gb-sky-global-version/
Honor Magic 8 Pro 16/1 ТБ Black (черный) Global Version;85800;https://trubkoved.ru/catalog/smartfony/honor/honor-magic-8-pro-161024-gb-black-global-version/
Honor Magic 8 Pro 16/1 ТБ Gold (золотистый) Global Version;85800;https://trubkoved.ru/catalog/smartfony/honor/honor-magic-8-pro-161024-gb-gold-global-version/
Honor Magic V6 16/1 ТБ Black (чёрный) Global Version;136000;https://trubkoved.ru/catalog/smartfony/honor/honor-magic-v6-16-1-tb-black-chyernyy-global-version/
Honor Magic V6 16/1 ТБ Gold (золотой) Global Version;136000;https://trubkoved.ru/catalog/smartfony/honor/honor-magic-v6-16-1-tb-gold-zolotoy-global-version/
Honor Magic V6 16/1 ТБ White (белый) Global Version;136000;https://trubkoved.ru/catalog/smartfony/honor/honor-magic-v6-16-1-tb-white-belyy-global-version/
Honor Magic V6 16/512 ГБ Black (чёрный) Global Version;134500;https://trubkoved.ru/catalog/smartfony/honor/honor-magic-v6-16-512-gb-black-chyernyy-global-version/
Honor Magic V6 16/512 ГБ Gold (золотой) Global Version;134500;https://trubkoved.ru/catalog/smartfony/honor/honor-magic-v6-16-512-gb-gold-zolotoy-global-version/
Honor Magic V6 16/512 ГБ White (белый) Global Version;134500;https://trubkoved.ru/catalog/smartfony/honor/honor-magic-v6-16-512-gb-white-belyy-global-version/
Huawei Mate X6 12/512 ГБ Black (чёрный) EU;82000;https://trubkoved.ru/catalog/smartfony/huawei/huawei-mate-x6-12-512-black-eu/
Huawei Mate X6 12/512 ГБ Red (Красный) EU;82000;https://trubkoved.ru/catalog/smartfony/huawei/huawei-mate-x6-12-512gb-red-krasnyy-eu/
Huawei Mate X7 16/512 ГБ Black (Чёрный) EU;107000;https://trubkoved.ru/catalog/smartfony/huawei/huawei-mate-x7-16-512gb-black-chyernyy-eu/
Huawei Pura 80 12/256 ГБ Frosted Black (Чёрный) Global Version;36500;https://trubkoved.ru/catalog/smartfony/huawei/huawei-pura-80-12-256gb-frosted-black-chyernyy-global-version/
Huawei Pura 80 12/256 ГБ Frosted Gold (Золотой) Global Version;36500;https://trubkoved.ru/catalog/smartfony/huawei/huawei-pura-80-12-256gb-frosted-gold-zolotoy-global-version/
Huawei Pura 80 12/256 ГБ Frosted White (Белый) Global Version;36500;https://trubkoved.ru/catalog/smartfony/huawei/huawei-pura-80-12-256gb-frosted-white-belyy-global-version/
Huawei Pura 80 Ultra 16/512 ГБ Golden Black (Чёрный) EU;79000;https://trubkoved.ru/catalog/smartfony/huawei/huawei-pura-80-ultra-16-512gb-golden-black-chyernyy-eu/
Huawei Pura 80 Ultra 16/512 ГБ Prestige Gold (Золотой) EU;80500;https://trubkoved.ru/catalog/smartfony/huawei/huawei-pura-80-ultra-16-512gb-prestige-gold-zolotoy-eu/
Huawei Pura 90s Pro 12/256 ГБ Coconut White (Белый) Global;55000;https://trubkoved.ru/catalog/smartfony/huawei/huawei-pura-90s-pro-12-256-coconut-white-global/
Huawei Pura 90s Pro 12/256 ГБ Guava Soda (Розовый) Global;55000;https://trubkoved.ru/catalog/smartfony/huawei/huawei-pura-90s-pro-12-256-guava-soda-global/
Huawei Pura 90s Pro 12/256 ГБ Mulberry Black (Чёрный) Global;55000;https://trubkoved.ru/catalog/smartfony/huawei/huawei-pura-90s-pro-12-256-mulberry-black-global/
Huawei Pura 90s Pro 12/256 ГБ Orange Soda (Оранжевый) Global;55000;https://trubkoved.ru/catalog/smartfony/huawei/huawei-pura-90s-pro-12-256-orange-soda-global/
Huawei Pura 90s Pro 12/512 ГБ Coconut White (Белый) Global;66500;https://trubkoved.ru/catalog/smartfony/huawei/huawei-pura-90s-pro-12-512-coconut-white-global/
Huawei Pura 90s Pro 12/512 ГБ Mulberry Black (Чёрный) Global;66500;https://trubkoved.ru/catalog/smartfony/huawei/huawei-pura-90s-pro-12-512-mulberry-black-global/
Huawei Pura 90s Pro Max 12/256 ГБ Blaze Purple (Фиолетовый) Global;73000;https://trubkoved.ru/catalog/smartfony/huawei/huawei-pura-90s-pro-max-12-256-blaze-purple-global/
Huawei Pura 90s Pro Max 12/256 ГБ Blush Gold (Золотой) Global;73000;https://trubkoved.ru/catalog/smartfony/huawei/huawei-pura-90s-pro-max-12-256-blush-gold-global/
Huawei Pura 90s Pro Max 12/256 ГБ Graphite Black (Чёрный) Global;73000;https://trubkoved.ru/catalog/smartfony/huawei/huawei-pura-90s-pro-max-12-256-graphite-black-global/
Huawei Pura 90s Pro Max 12/256 ГБ Orange Ocean (Оранжевый) Global;73000;https://trubkoved.ru/catalog/smartfony/huawei/huawei-pura-90s-pro-max-12-256-orange-ocean-global/
Huawei Pura 90s Pro Max 12/512 ГБ Blaze Purple (Фиолетовый) Global;81000;https://trubkoved.ru/catalog/smartfony/huawei/huawei-pura-90s-pro-max-12-512-blaze-purple-global/
Huawei Pura 90s Pro Max 12/512 ГБ Blush Gold (Золотой) Global;81000;https://trubkoved.ru/catalog/smartfony/huawei/huawei-pura-90s-pro-max-12-512-blush-gold-global/
Huawei Pura 90s Pro Max 12/512 ГБ Graphite Black (Чёрный) Global;81000;https://trubkoved.ru/catalog/smartfony/huawei/huawei-pura-90s-pro-max-12-512-graphite-black-global/
Huawei Pura 90s Pro Max 12/512 ГБ Orange Ocean (Оранжевый) Global;81000;https://trubkoved.ru/catalog/smartfony/huawei/huawei-pura-90s-pro-max-12-512-orange-ocean-global/
Nothing Phone 3 16/512 ГБ Black (чёрный) Global;52500;https://trubkoved.ru/catalog/smartfony/nothing/nothing-phone-3-16-512-gb-black-chyernyy-global/
Nothing Phone 3 16/512 ГБ White (белый) Global;54000;https://trubkoved.ru/catalog/smartfony/nothing/nothing-phone-3-16-512-gb-white-belyy-global/
Nothing Phone (3a) Pro 12/256 ГБ Gray (серый) Global;32000;https://trubkoved.ru/catalog/smartfony/nothing/nothing-phone-3a-pro-12-256-gb-gray-seryy-global/
Nothing Phone (4a) 12/256 ГБ Black (чёрный) Global;36690;https://trubkoved.ru/catalog/smartfony/nothing/nothing-phone-4a-12-256-black-global/
Nothing Phone (4a) 12/256 ГБ Blue (синий) Global;36690;https://trubkoved.ru/catalog/smartfony/nothing/nothing-phone-4a-12-256-blue-global/
Nothing Phone (4a) 12/256 ГБ White (белый) Global;36690;https://trubkoved.ru/catalog/smartfony/nothing/nothing-phone-4a-12-256-white-global/
Nothing Phone (4a) Pro 12/256 ГБ Black (чёрный) Global;48000;https://trubkoved.ru/catalog/smartfony/nothing/nothing-phone-4a-pro-12-256-gb-black-chyernyy-global/
Nothing Phone (4a) Pro 12/256 ГБ Pink (розовый) Global;49900;https://trubkoved.ru/catalog/smartfony/nothing/nothing-phone-4a-pro-12-256-gb-pink-rozovyy-global/
Nothing Phone (4a) Pro 12/256 ГБ Silver (серебристый) Global;48000;https://trubkoved.ru/catalog/smartfony/nothing/nothing-phone-4a-pro-12-256-gb-silver-serebristyy-global/
OnePlus 13s 12/512 ГБ Black (черный) Global Version;45700;https://trubkoved.ru/catalog/smartfony/oneplus/oneplus-13s-12-512-gb-black-chernyj-global-version/
OnePlus 13s 12/512 ГБ Green (зеленый) Global Version;45700;https://trubkoved.ru/catalog/smartfony/oneplus/oneplus-13s-12-512-gb-green-zelenyj-global-version/
OnePlus 13s 16/512 ГБ Black (черный) Global Version;47990;https://trubkoved.ru/catalog/smartfony/oneplus/oneplus-13s-16-512-gb-black-chernyj-global-version/
OnePlus 13s 16/512 ГБ Green (зеленый) Global Version;47990;https://trubkoved.ru/catalog/smartfony/oneplus/oneplus-13s-16-512-gb-green-zelenyj-global-version/
OnePlus 15 16/512 ГБ Черный (CPH2749) USA Global Version;73500;https://trubkoved.ru/catalog/smartfony/oneplus/oneplus-15-16-512-gb-chernyj-cph2749-usa-global-version/
OnePlus 15 16/512 ГБ Infinite Black (CPH2747) Global Version;77000;https://trubkoved.ru/catalog/smartfony/oneplus/oneplus-15-16-512-gb-infinite-black-cph2747-global-version/
OnePlus 15 16/512 ГБ Sand Storm (CPH2749) USA Global Version;77500;https://trubkoved.ru/catalog/smartfony/oneplus/oneplus-15-16-512-gb-sand-storm-cph2749-usa-global-version/
OnePlus 15 16/512 ГБ Ultra Violet (CPH2747) Global Version;77000;https://trubkoved.ru/catalog/smartfony/oneplus/oneplus-15-16-512-gb-ultra-violet-cph2747-global-version/
OnePlus 15 16/512 ГБ Ultra Violet (CPH2749) USA Global Version;73500;https://trubkoved.ru/catalog/smartfony/oneplus/oneplus-15-16-512-gb-ultra-violet-cph2749-usa-global-version/
OnePlus 15R 12/256 ГБ Mint Breeze (зеленый) Global Version;45500;https://trubkoved.ru/catalog/smartfony/oneplus/oneplus-15r-12-256-gb-mint-breeze-zelenyj-global-version/
OnePlus 15R 12/256 ГБ Charcoal Black (CPH2769) Global Version;45500;https://trubkoved.ru/catalog/smartfony/oneplus/oneplus-15r-12256-gb-charcoal-black-chernyj-global-version/
OnePlus 15R 12/256 ГБ Mint Breeze (CPH2769) Global Version;45500;https://trubkoved.ru/catalog/smartfony/oneplus/oneplus-15r-12256-gb-mint-breeze-zelenyj-cph-2769-global-version/
OnePlus Nord 6 12/512 ГБ Fresh Mint (зеленый) Global Version;41500;https://trubkoved.ru/catalog/smartfony/oneplus/oneplus-nord-6-12-512-gb-fresh-mint-zelenyy-global-version/
OnePlus Nord 6 12/512 ГБ Quick Silver (серебристый) Global Version;41500;https://trubkoved.ru/catalog/smartfony/oneplus/oneplus-nord-6-12-512-gb-quick-silver-serebristyy-global-version/
OnePlus Nord 6 8/256 ГБ Pitch Black (чёрный) Global Version;36900;https://trubkoved.ru/catalog/smartfony/oneplus/oneplus-nord-6-8-256-gb-pitch-black-chyernyy-global-version/
OnePlus Nord CE 6 8/256 ГБ Blue (синий) Global Version;31300;https://trubkoved.ru/catalog/smartfony/oneplus/oneplus-nord-ce-6-8-256-gb-blue-siniy-global-version/
OnePlus Nord CE 6 8/256 ГБ Pitch Black (чёрный) Global Version;31300;https://trubkoved.ru/catalog/smartfony/oneplus/oneplus-nord-ce-6-8-256-gb-pitch-black-chyernyy-global-version/
Realme 16 Pro+ 5G 12/512 ГБ Master Gold (золотой) RU;43500;https://trubkoved.ru/catalog/smartfony/realme/realme-16-pro-5g-12512-gb-master-gold-zolotoj-ru/
Realme 16 Pro+ 5G 12/512 ГБ Master Grey (серый) RU;43500;https://trubkoved.ru/catalog/smartfony/realme/realme-16-pro-5g-12512-gb-master-grey-seryj-ru/
Realme 16 Pro+ 5G 8/256 ГБ Master Gold (золотой) RU;38000;https://trubkoved.ru/catalog/smartfony/realme/realme-16-pro-5g-8-256-gb-master-gold-zolotoy-ru/
Realme GT 7 5G 12/256 ГБ Obsidian Black (чёрный) RU;41500;https://trubkoved.ru/catalog/smartfony/realme/realme-gt-7-5g-12-256-gb-obsidian-chyernyy-ru/
Realme GT 7 5G 12/256 ГБ IceSense Blue (синий) EU;41500;https://trubkoved.ru/catalog/smartfony/realme/realme-gt-7-5g-12-256-gb-siniy-lednik-siniy-eu/
Realme GT 7 5G 12/512 ГБ Obsidian Black (чёрный) RU;45000;https://trubkoved.ru/catalog/smartfony/realme/realme-gt-7-5g-12-512-gb-obsidian-chyernyy-ru/
Realme GT 7 5G 12/512 ГБ IceSense Blue (синий) RU;45000;https://trubkoved.ru/catalog/smartfony/realme/realme-gt-7-5g-12-512-gb-siniy-lednik-siniy-ru/
Realme GT 7T 5G 12/256 ГБ Obsidian Black (серый) RU;38000;https://trubkoved.ru/catalog/smartfony/realme/realme-gt-7t-5g-12-256-gb-obsidian-chyernyy-ru/
Realme GT 7T 5G 12/256 ГБ IceSense Blue (синий) RU;38000;https://trubkoved.ru/catalog/smartfony/realme/realme-gt-7t-5g-12-256-gb-siniy-lednik-siniy-ru/
Realme GT 7T 5G 12/512 ГБ Obsidian Black (серый) RU;41900;https://trubkoved.ru/catalog/smartfony/realme/realme-gt-7t-5g-12-512-gb-obsidian-chyernyy-ru/
Realme GT 7T 5G 12/512 ГБ IceSense Blue (синий) RU;37500;https://trubkoved.ru/catalog/smartfony/realme/realme-gt-7t-5g-12-512-gb-siniy-lednik-siniy-ru/
Realme GT 8 Pro 12/256 ГБ Diary White (белый) RU;62990;https://trubkoved.ru/catalog/smartfony/realme/realme-gt-8-pro-12256-gb-diary-white-belyj-ru/
Realme GT 8 Pro 12/256 ГБ Urban Blue (синий) RU;62990;https://trubkoved.ru/catalog/smartfony/realme/realme-gt-8-pro-12256-gb-urban-blue-sinij-ru/
Samsung Galaxy S26+ 12/256 ГБ Black (чёрный) Global Version;69000;https://trubkoved.ru/catalog/smartfony/samsung/samsung-galaxy-s26-12-256-black-global-version/
Samsung Galaxy S26+ 12/256 ГБ Cobalt Violet (фиолетовый) Global Version;69000;https://trubkoved.ru/catalog/smartfony/samsung/samsung-galaxy-s26-12-256-cobalt-violet-global-version/
Samsung Galaxy S26+ 12/256 ГБ Sky Blue (голубой) Global Version;69000;https://trubkoved.ru/catalog/smartfony/samsung/samsung-galaxy-s26-12-256-sky-blue-global-version/
Samsung Galaxy S26+ 12/512 ГБ Cobalt Violet (фиолетовый) Global Version;80000;https://trubkoved.ru/catalog/smartfony/samsung/samsung-galaxy-s26-12-512-cobalt-violet-global-version/
Samsung Galaxy S26+ 12/512 ГБ Sky Blue (голубой) Global Version;68900;https://trubkoved.ru/catalog/smartfony/samsung/samsung-galaxy-s26-12-512-sky-blue-global-version/
Samsung Galaxy S26 12/256 ГБ Black (чёрный) Global Version;59000;https://trubkoved.ru/catalog/smartfony/samsung/samsung-galaxy-s26-base-12256-gb-black-global-version/
Samsung Galaxy S26 12/256 ГБ Cobalt Violet (фиолетовый) Global Version;59000;https://trubkoved.ru/catalog/smartfony/samsung/samsung-galaxy-s26-base-12256-gb-cobalt-violet-global-version/
Samsung Galaxy S26 12/256 ГБ Sky Blue (голубой) Global Version;61300;https://trubkoved.ru/catalog/smartfony/samsung/samsung-galaxy-s26-base-12256-gb-sky-blue-global-version/
Samsung Galaxy S26 12/256 ГБ White (белый) Global Version;61300;https://trubkoved.ru/catalog/smartfony/samsung/samsung-galaxy-s26-base-12256-gb-white-global-version/
Samsung Galaxy S26 12/512 ГБ Black (чёрный) Global Version;70100;https://trubkoved.ru/catalog/smartfony/samsung/samsung-galaxy-s26-base-12512-gb-black-global-version/
Samsung Galaxy S26 12/512 ГБ Cobalt Violet (фиолетовый) Global Version;70100;https://trubkoved.ru/catalog/smartfony/samsung/samsung-galaxy-s26-base-12512-gb-cobalt-violet-global-version/
Samsung Galaxy S26 12/512 ГБ Sky Blue (голубой) Global Version;68500;https://trubkoved.ru/catalog/smartfony/samsung/samsung-galaxy-s26-base-12512-gb-sky-blue-global-version/
Samsung Galaxy S26 12/512 ГБ White (белый) Global Version;70100;https://trubkoved.ru/catalog/smartfony/samsung/samsung-galaxy-s26-base-12512-gb-white-global-version/
Samsung Galaxy S26 Ultra 12/256 ГБ Black (чёрный) Global Version;78900;https://trubkoved.ru/catalog/smartfony/samsung/samsung-galaxy-s26-ultra-12-256-black-global-version/
Samsung Galaxy S26 Ultra 12/256 ГБ Cobalt Violet (фиолетовый) Global Version;78900;https://trubkoved.ru/catalog/smartfony/samsung/samsung-galaxy-s26-ultra-12-256-cobalt-violet-global-version/
Samsung Galaxy S26 Ultra 12/256 ГБ Sky Blue (голубой) Global Version;78900;https://trubkoved.ru/catalog/smartfony/samsung/samsung-galaxy-s26-ultra-12-256-sky-blue-global-version/
Samsung Galaxy S26 Ultra 12/256 ГБ White (белый) Global Version;78900;https://trubkoved.ru/catalog/smartfony/samsung/samsung-galaxy-s26-ultra-12-256-white-global-version/
Samsung Galaxy S26 Ultra 12/512 ГБ Black (чёрный) Global Version;94100;https://trubkoved.ru/catalog/smartfony/samsung/samsung-galaxy-s26-ultra-12-512-black-global-version/
Samsung Galaxy S26 Ultra 12/512 ГБ Cobalt Violet (фиолетовый) Global Version;94100;https://trubkoved.ru/catalog/smartfony/samsung/samsung-galaxy-s26-ultra-12-512-cobalt-violet-global-version/
Samsung Galaxy S26 Ultra 12/512 ГБ Sky Blue (голубой) Global Version;94100;https://trubkoved.ru/catalog/smartfony/samsung/samsung-galaxy-s26-ultra-12-512-sky-blue-global-version/
Samsung Galaxy S26 Ultra 12/512 ГБ White (белый) Global Version;92000;https://trubkoved.ru/catalog/smartfony/samsung/samsung-galaxy-s26-ultra-12-512-white-global-version/
Samsung Galaxy S26 Ultra 16/1 ТБ Cobalt Violet (фиолетовый) Global Version;113700;https://trubkoved.ru/catalog/smartfony/samsung/samsung-galaxy-s26-ultra-16-1-cobalt-violet-global-version/
Samsung Galaxy S26 Ultra 16/1 ТБ Pink Gold (розовый) Global Version;113700;https://trubkoved.ru/catalog/smartfony/samsung/samsung-galaxy-s26-ultra-16-1-pink-gold-global-version/
Samsung Galaxy S26 Ultra 16/1 ТБ Silver Shadow (серебристый) Global Version;114000;https://trubkoved.ru/catalog/smartfony/samsung/samsung-galaxy-s26-ultra-16-1-silver-shadow-global-version/
Samsung Galaxy S26 Ultra 16/1 ТБ Sky Blue (голубой) Global Version;113000;https://trubkoved.ru/catalog/smartfony/samsung/samsung-galaxy-s26-ultra-16-1-sky-blue-global-version/
Samsung Galaxy S26 Ultra 16/1 ТБ White (белый) Global Version;112500;https://trubkoved.ru/catalog/smartfony/samsung/samsung-galaxy-s26-ultra-16-1-white-global-version/
Samsung Galaxy Z Flip8 12/256 ГБ Cream (бежевый) Global Version;80500;https://trubkoved.ru/catalog/smartfony/samsung/samsung-galaxy-z-flip8-12-256-cream-global-version/
Samsung Galaxy Z Flip8 12/256 ГБ Graphite (серый) Global Version;76300;https://trubkoved.ru/catalog/smartfony/samsung/samsung-galaxy-z-flip8-12-256-graphite-global-version/
Samsung Galaxy Z Flip8 12/256 ГБ Pink (розовый) Global Version;84900;https://trubkoved.ru/catalog/smartfony/samsung/samsung-galaxy-z-flip8-12-256-pink-global-version/
Samsung Galaxy Z Flip8 12/512 ГБ Cream (бежевый) Global Version;90900;https://trubkoved.ru/catalog/smartfony/samsung/samsung-galaxy-z-flip8-12-512-cream-global-version/
Samsung Galaxy Z Flip8 12/512 ГБ Graphite (серый) Global Version;90900;https://trubkoved.ru/catalog/smartfony/samsung/samsung-galaxy-z-flip8-12-512-graphite-global-version/
Samsung Galaxy Z Flip8 12/512 ГБ Pink (розовый) Global Version;91300;https://trubkoved.ru/catalog/smartfony/samsung/samsung-galaxy-z-flip8-12-512-pink-global-version/
Samsung Galaxy Z Fold7 12/256 ГБ Blue Shadow (синий) Global Version;107500;https://trubkoved.ru/catalog/smartfony/samsung/samsung-galaxy-z-fold7-12-256-blue-shadow-global-version/
Samsung Galaxy Z Fold7 12/256 ГБ Jet Black (чёрный) Global Version;107500;https://trubkoved.ru/catalog/smartfony/samsung/samsung-galaxy-z-fold7-12-256-jet-black-global-version/
Samsung Galaxy Z Fold7 12/256 ГБ Silver Shadow (серебристый) Global Version;107500;https://trubkoved.ru/catalog/smartfony/samsung/samsung-galaxy-z-fold7-12-256-silver-shadow-global-version/
Samsung Galaxy Z Fold8 12/256 ГБ Cream (бежевый) Global Version;130500;https://trubkoved.ru/catalog/smartfony/samsung/samsung-galaxy-z-fold8-12-256-cream-global-version/
Samsung Galaxy Z Fold8 12/256 ГБ Lavender (фиолетовый) Global Version;126800;https://trubkoved.ru/catalog/smartfony/samsung/samsung-galaxy-z-fold8-12-256-lavender-global-version/
Samsung Galaxy Z Fold8 12/512 ГБ Cream (бежевый) Global Version;143500;https://trubkoved.ru/catalog/smartfony/samsung/samsung-galaxy-z-fold8-12-512-cream-global-version/
Samsung Galaxy Z Fold8 12/512 ГБ Graphite (серый) Global Version;139100;https://trubkoved.ru/catalog/smartfony/samsung/samsung-galaxy-z-fold8-12-512-graphite-global-version/
Samsung Galaxy Z Fold8 12/512 ГБ Lavender (фиолетовый) Global Version;132900;https://trubkoved.ru/catalog/smartfony/samsung/samsung-galaxy-z-fold8-12-512-lavender-global-version/
Samsung Galaxy Z Fold8 16/1 ТБ Graphite (серый) Global Version;228500;https://trubkoved.ru/catalog/smartfony/samsung/samsung-galaxy-z-fold8-16-1-tb-graphite-global-version/
Samsung Galaxy Z Fold8 16/1 ТБ Lavender (фиолетовый) Global Version;228500;https://trubkoved.ru/catalog/smartfony/samsung/samsung-galaxy-z-fold8-16-1-tb-lavender-global-version/
Samsung Galaxy Z Fold8 Ultra 12/256 ГБ Cream (бежевый) Global Version;137300;https://trubkoved.ru/catalog/smartfony/samsung/samsung-galaxy-z-fold8-ultra-12-256-cream-global-version/
Samsung Galaxy Z Fold8 Ultra 12/256 ГБ Graphite (серый) Global Version;133100;https://trubkoved.ru/catalog/smartfony/samsung/samsung-galaxy-z-fold8-ultra-12-256-graphite-global-version/
Samsung Galaxy Z Fold8 Ultra 12/256 ГБ Violet Shadow (фиолетовый) Global Version;134500;https://trubkoved.ru/catalog/smartfony/samsung/samsung-galaxy-z-fold8-ultra-12-256-violet-shadow-global-version/
Samsung Galaxy Z Fold8 Ultra 12/512 ГБ Cream (бежевый) Global Version;148500;https://trubkoved.ru/catalog/smartfony/samsung/samsung-galaxy-z-fold8-ultra-12-512-cream-global-version/
Samsung Galaxy Z Fold8 Ultra 12/512 ГБ Graphite (серый) Global Version;141500;https://trubkoved.ru/catalog/smartfony/samsung/samsung-galaxy-z-fold8-ultra-12-512-graphite-global-version/
Samsung Galaxy Z Fold8 Ultra 12/512 ГБ Violet Shadow (фиолетовый) Global Version;144400;https://trubkoved.ru/catalog/smartfony/samsung/samsung-galaxy-z-fold8-ultra-12-512-violet-shadow-global-version/
Vivo V70 12/256 ГБ Grey (серый) RU;47500;https://trubkoved.ru/catalog/smartfony/vivo/vivo-v70-12-256-gb-grey-seryy-ru/
Vivo V70 8/256 ГБ Black (чёрный) RU;42700;https://trubkoved.ru/catalog/smartfony/vivo/vivo-v70-8-256-gb-black-chyernyy-ru/
Vivo V70 FE 8/256 ГБ Blue (синий) RU;34000;https://trubkoved.ru/catalog/smartfony/vivo/vivo-v70-fe-8-256-gb-blue-siniy-ru/
Vivo V70 FE 8/256 ГБ Silver (серебристый) RU;34000;https://trubkoved.ru/catalog/smartfony/vivo/vivo-v70-fe-8-256-gb-silver-serebristyy-ru/
Vivo V70 FE 8/512 ГБ Blue (синий) RU;41700;https://trubkoved.ru/catalog/smartfony/vivo/vivo-v70-fe-8-512-gb-blue-siniy-ru/
Vivo V70 FE 8/512 ГБ Silver (серебристый) RU;41700;https://trubkoved.ru/catalog/smartfony/vivo/vivo-v70-fe-8-512-gb-silver-serebristyy-ru/
Xiaomi 15T Pro 12/256 ГБ Black (черный) Global Version;47500;https://trubkoved.ru/catalog/smartfony/xiaomi/xiaomi-15t-pro-12256-gb-black-chernyj-global-version/
Xiaomi 15T Pro 12/256 ГБ Gray (серый) Global Version;47500;https://trubkoved.ru/catalog/smartfony/xiaomi/xiaomi-15t-pro-12256-gb-gray-seryj-global-version/
Xiaomi 15T Pro 12/512 ГБ Black (черный) Global Version;51500;https://trubkoved.ru/catalog/smartfony/xiaomi/xiaomi-15t-pro-12512-gb-black-chernyj-global-version/
Xiaomi 15T Pro 12/512 ГБ Gray (серый) Global Version;53000;https://trubkoved.ru/catalog/smartfony/xiaomi/xiaomi-15t-pro-12512-gb-gray-seryj-global-version/
Xiaomi 15T Pro 12/512 ГБ Mocha Gold (золотой) Global Version;52500;https://trubkoved.ru/catalog/smartfony/xiaomi/xiaomi-15t-pro-12512-gb-mocha-gold-zolotoj-global-version/
Xiaomi 15T Pro 12/512 ГБ Mocha Gold (slim) Global Version;51000;https://trubkoved.ru/catalog/smartfony/xiaomi/xiaomi-15t-pro-12512-gb-mocha-gold-zolotoj-slim-global-version/
Xiaomi 17 12/512 ГБ Black (черный) Global Version;69900;https://trubkoved.ru/catalog/smartfony/xiaomi/xiaomi-17-12512-gb-black-chernyj-global-version/
Xiaomi 17 Ultra 16/512 ГБ Black (черный) CN;82900;https://trubkoved.ru/catalog/smartfony/xiaomi/xiaomi-17-ultra-16512-gb-black-chernyj-cn/
Xiaomi 17 Ultra 16/512 ГБ Black (черный) Global Version;93900;https://trubkoved.ru/catalog/smartfony/xiaomi/xiaomi-17-ultra-16512-gb-black-chernyj-global-version/
Xiaomi 17 Ultra 16/512 ГБ Purple (фиолетовый) CN;82900;https://trubkoved.ru/catalog/smartfony/xiaomi/xiaomi-17-ultra-16512-gb-purple-fioletovyj-cn/
Xiaomi 17 Ultra 16/512 ГБ Starlit Green (зеленый) Global Version;93900;https://trubkoved.ru/catalog/smartfony/xiaomi/xiaomi-17-ultra-16512-gb-starlit-green-zelenyj-global-version/
Xiaomi 17 Ultra 16/512 ГБ White (белый) Global Version;92900;https://trubkoved.ru/catalog/smartfony/xiaomi/xiaomi-17-ultra-16512-gb-white-belyj-global-version/
Xiaomi 17T 12/256 ГБ Black (чёрный) Global Version;40000;https://trubkoved.ru/catalog/smartfony/xiaomi/xiaomi-17t-12-256-gb-black-global-version/
Xiaomi 17T 12/256 ГБ Blue (синий) Global Version;40000;https://trubkoved.ru/catalog/smartfony/xiaomi/xiaomi-17t-12-256-gb-blue-global-version/
Xiaomi 17T 12/256 ГБ Violet (фиолетовый) Global Version;40000;https://trubkoved.ru/catalog/smartfony/xiaomi/xiaomi-17t-12-256-gb-violet-global-version/
Xiaomi 17T 12/512 ГБ Black (чёрный) Global Version;43900;https://trubkoved.ru/catalog/smartfony/xiaomi/xiaomi-17t-12-512-gb-black-global-version/
Xiaomi 17T 12/512 ГБ Blue (синий) Global Version;43900;https://trubkoved.ru/catalog/smartfony/xiaomi/xiaomi-17t-12-512-gb-blue-global-version/
Xiaomi 17T 12/512 ГБ Violet (фиолетовый) Global Version;43900;https://trubkoved.ru/catalog/smartfony/xiaomi/xiaomi-17t-12-512-gb-violet-global-version/
Xiaomi 17T 12/512 ГБ White (белый) Global Version;43900;https://trubkoved.ru/catalog/smartfony/xiaomi/xiaomi-17t-12-512-gb-white-global-version/
Xiaomi 17T Pro 12/1 ТБ Black (чёрный) Global Version;64500;https://trubkoved.ru/catalog/smartfony/xiaomi/xiaomi-17t-pro-12-1-tb-black-global-version/
Xiaomi 17T Pro 12/1 ТБ Deep Blue (синий) Global Version;64500;https://trubkoved.ru/catalog/smartfony/xiaomi/xiaomi-17t-pro-12-1-tb-deep-blue-global-version/
Xiaomi 17T Pro 12/1 ТБ Deep Violet (фиолетовый) Global Version;64500;https://trubkoved.ru/catalog/smartfony/xiaomi/xiaomi-17t-pro-12-1-tb-deep-violet-global-version/
Xiaomi 17T Pro 12/256 ГБ Black (чёрный) Global Version;52400;https://trubkoved.ru/catalog/smartfony/xiaomi/xiaomi-17t-pro-12-256-gb-black-global-version/
Xiaomi 17T Pro 12/256 ГБ Deep Blue (синий) Global Version;52400;https://trubkoved.ru/catalog/smartfony/xiaomi/xiaomi-17t-pro-12-256-gb-deep-blue-global-version/
Xiaomi 17T Pro 12/256 ГБ Deep Violet (фиолетовый) Global Version;52400;https://trubkoved.ru/catalog/smartfony/xiaomi/xiaomi-17t-pro-12-256-gb-deep-violet-global-version/
Xiaomi 17T Pro 12/512 ГБ Black (чёрный) Global Version;55500;https://trubkoved.ru/catalog/smartfony/xiaomi/xiaomi-17t-pro-12-512-gb-black-global-version/
Xiaomi 17T Pro 12/512 ГБ Deep Blue (синий) Global Version;57000;https://trubkoved.ru/catalog/smartfony/xiaomi/xiaomi-17t-pro-12-512-gb-deep-blue-global-version/
Xiaomi 17T Pro 12/512 ГБ Deep Violet (фиолетовый) Global Version;57000;https://trubkoved.ru/catalog/smartfony/xiaomi/xiaomi-17t-pro-12-512-gb-deep-violet-global-version/
Xiaomi Mix Flip 12/512 ГБ Black (черный) Global Version;47400;https://trubkoved.ru/catalog/smartfony/xiaomi/xiaomi-mix-flip-12512-gb-black-chernyj-global-version/
Xiaomi Poco F8 Pro 12/256 ГБ Black (черный) Global Version;42490;https://trubkoved.ru/catalog/smartfony/xiaomi/xiaomi-poco-f8-pro-12256-gb-black-chernyj-global-version/
Xiaomi Poco F8 Pro 12/256 ГБ Blue (синий) Global Version;40490;https://trubkoved.ru/catalog/smartfony/xiaomi/xiaomi-poco-f8-pro-12256-gb-blue-sinij-global-version/
Xiaomi Poco F8 Pro 12/256 ГБ Titanium Silver (серебристый) Global Version;42490;https://trubkoved.ru/catalog/smartfony/xiaomi/xiaomi-poco-f8-pro-12256-gb-titanium-silver-serebristyj-global-version/
Xiaomi Poco F8 Pro 12/512 ГБ Black (черный) Global Version;47500;https://trubkoved.ru/catalog/smartfony/xiaomi/xiaomi-poco-f8-pro-12512-gb-black-chernyj-global-version/
Xiaomi Poco F8 Pro 12/512 ГБ Blue (синий) Global Version;47500;https://trubkoved.ru/catalog/smartfony/xiaomi/xiaomi-poco-f8-pro-12512-gb-blue-sinij-global-version/
Xiaomi Poco F8 Pro 12/512 ГБ Titanium Silver (серебристый) Global Version;45500;https://trubkoved.ru/catalog/smartfony/xiaomi/xiaomi-poco-f8-pro-12512-gb-titanium-silver-serebristyj-global-version/
Xiaomi Poco F8 Ultra 12/256 ГБ Black (черный) Global Version;60000;https://trubkoved.ru/catalog/smartfony/xiaomi/xiaomi-poco-f8-ultra-12256-gb-black-chernyj-global-version/
Xiaomi Poco F8 Ultra 12/256 ГБ Denim Blue (синий) Global Version;60000;https://trubkoved.ru/catalog/smartfony/xiaomi/xiaomi-poco-f8-ultra-12256-gb-denim-blue-sinij-global-version/
Xiaomi Poco F8 Ultra 16/512 ГБ Black (черный) Global Version;64450;https://trubkoved.ru/catalog/smartfony/xiaomi/xiaomi-poco-f8-ultra-16512-gb-black-chernyj-global-version/
Xiaomi Poco F8 Ultra 16/512 ГБ Denim Blue (синий) Global Version;64450;https://trubkoved.ru/catalog/smartfony/xiaomi/xiaomi-poco-f8-ultra-16512-gb-denim-blue-sinij-global-version/
Xiaomi Poco M8 5G 12/512 ГБ Black (черный) EU;23800;https://trubkoved.ru/catalog/smartfony/xiaomi/xiaomi-poco-m8-5g-12512-gb-black-chernyj-eu/
Xiaomi Poco M8 5G 12/512 ГБ Silver (серебристый) EU;23800;https://trubkoved.ru/catalog/smartfony/xiaomi/xiaomi-poco-m8-5g-12512-gb-silver-serebristyj-eu/
Xiaomi Poco X8 Pro 12/512 ГБ Black (черный) Global Version;39900;https://trubkoved.ru/catalog/smartfony/xiaomi/xiaomi-poco-x8-pro-12512-gb-black-chernyj-global-version/
Xiaomi Poco X8 Pro 12/512 ГБ Gold (золотой) Iron Man Global Version;39900;https://trubkoved.ru/catalog/smartfony/xiaomi/xiaomi-poco-x8-pro-12512-gb-gold-zolotoj-iron-man-global-version/
Xiaomi Poco X8 Pro 12/512 ГБ Mint Green (зеленый) Global Version;39900;https://trubkoved.ru/catalog/smartfony/xiaomi/xiaomi-poco-x8-pro-12512-gb-mint-green-zelenyj-global-version/
Xiaomi Poco X8 Pro 12/512 ГБ Yellow (жёлтый) Global Version;36200;https://trubkoved.ru/catalog/smartfony/xiaomi/xiaomi-poco-x8-pro-12512-gb-yellow-zhyoltyj-global-version/
Xiaomi Poco X8 Pro Max 12/512 ГБ White (белый) Global Version;45950;https://trubkoved.ru/catalog/smartfony/xiaomi/xiaomi-poco-x8-pro-max-12512-gb-white-belyj-global-version/
Xiaomi Redmi 17 4/256 ГБ Black (чёрный) Global Version;18000;https://trubkoved.ru/catalog/smartfony/xiaomi/xiaomi-redmi-17-4-256-gb-black-chernyy-global-version/
Xiaomi Redmi 17 4/256 ГБ Deep Blue (синий) Global Version;18000;https://trubkoved.ru/catalog/smartfony/xiaomi/xiaomi-redmi-17-4-256-gb-deep-blue-siniy-global-version/
Xiaomi Redmi 17 4/256 ГБ Lotus Purple (фиолетовый) Global Version;18000;https://trubkoved.ru/catalog/smartfony/xiaomi/xiaomi-redmi-17-4-256-gb-lotus-purple-fioletovyy-global-version/
Xiaomi Redmi 17 4/256 ГБ Oak Green (зелёный) Global Version;18000;https://trubkoved.ru/catalog/smartfony/xiaomi/xiaomi-redmi-17-4-256-gb-oak-green-zelenyy-global-version/
Xiaomi Redmi 17 8/256 ГБ Black (чёрный) Global Version;20700;https://trubkoved.ru/catalog/smartfony/xiaomi/xiaomi-redmi-17-8-256-gb-black-chernyy-global-version/
Xiaomi Redmi 17 8/256 ГБ Deep Blue (синий) Global Version;20700;https://trubkoved.ru/catalog/smartfony/xiaomi/xiaomi-redmi-17-8-256-gb-deep-blue-siniy-global-version/
Xiaomi Redmi 17 8/256 ГБ Lotus Purple (фиолетовый) Global Version;20700;https://trubkoved.ru/catalog/smartfony/xiaomi/xiaomi-redmi-17-8-256-gb-lotus-purple-fioletovyy-global-version/
Xiaomi Redmi 17 8/256 ГБ Oak Green (зелёный) Global Version;20700;https://trubkoved.ru/catalog/smartfony/xiaomi/xiaomi-redmi-17-8-256-gb-oak-green-zelenyy-global-version/
Xiaomi Redmi Note 14 8/256 ГБ Midnight Black (черный) Global Version;17800;https://trubkoved.ru/catalog/smartfony/xiaomi/xiaomi-redmi-note-14-8-256-gb-midnight-black-chernyy-global-version/
Xiaomi Redmi Note 14 8/256 ГБ Mist Purple (фиолетовый) Global Version;17800;https://trubkoved.ru/catalog/smartfony/xiaomi/xiaomi-redmi-note-14-8-256-gb-mist-purple-fioletovyy-global-version/
Xiaomi Redmi Note 14 8/256 ГБ Ocean Blue (синий) Global Version;17800;https://trubkoved.ru/catalog/smartfony/xiaomi/xiaomi-redmi-note-14-8-256-gb-ocean-blue-siniy-global-version/
Xiaomi Redmi Note 14S 4G 8/256 ГБ Midnight Black (черный) Global Version;17800;https://trubkoved.ru/catalog/smartfony/xiaomi/xiaomi-redmi-note-14s-4g-8256-gb-midnight-black-chernyj-global-version/
Xiaomi Redmi Note 15 8/256 ГБ Black (черный) Global Version;20500;https://trubkoved.ru/catalog/smartfony/xiaomi/xiaomi-redmi-note-15-8256-gb-black-chernyj-global-version/
Xiaomi Redmi Note 15 8/256 ГБ Glacier Blue (синий) Global Version;20500;https://trubkoved.ru/catalog/smartfony/xiaomi/xiaomi-redmi-note-15-8256-gb-glacier-blue-sinij-global-version/
Xiaomi Redmi Note 15 Pro 12/256 ГБ Black (черный) Global Version;24500;https://trubkoved.ru/catalog/smartfony/xiaomi/xiaomi-redmi-note-15-pro-12256-gb-black-chernyj-global-version/
Xiaomi Redmi Note 15 Pro 12/256 ГБ Titanium color (серый) Global Version;24500;https://trubkoved.ru/catalog/smartfony/xiaomi/xiaomi-redmi-note-15-pro-12256-gb-titanium-color-seryj-global-version/
Xiaomi Redmi Note 15 Pro 12/512 ГБ Black (черный) Global Version;27990;https://trubkoved.ru/catalog/smartfony/xiaomi/xiaomi-redmi-note-15-pro-12512-gb-black-chernyj-global-version/
Xiaomi Redmi Note 15 Pro 5G 8/256 ГБ Black (черный) Global Version;23800;https://trubkoved.ru/catalog/smartfony/xiaomi/xiaomi-redmi-note-15-pro-5g-8256-gb-black-chernyj-global-version/
Xiaomi Redmi Note 15 Pro 5G 8/256 ГБ Mist Purple (фиолетовый) Global Version;23800;https://trubkoved.ru/catalog/smartfony/xiaomi/xiaomi-redmi-note-15-pro-5g-8256-gb-mist-purple-fioletovyj-global-version/
Xiaomi Redmi Note 15 Pro 8/256 ГБ Black (черный) Global Version;22500;https://trubkoved.ru/catalog/smartfony/xiaomi/xiaomi-redmi-note-15-pro-8256-gb-black-chernyj-global-version/
Xiaomi Redmi Note 15 Pro 8/256 ГБ Glacier Blue (синий) Global Version;22500;https://trubkoved.ru/catalog/smartfony/xiaomi/xiaomi-redmi-note-15-pro-8256-gb-glacier-blue-sinij-global-version/
Xiaomi Redmi Note 15 Pro 8/256 ГБ Titanium color (серый) Global Version;22500;https://trubkoved.ru/catalog/smartfony/xiaomi/xiaomi-redmi-note-15-pro-8256-gb-titanium-color-seryj-global-version/
Xiaomi Redmi Note 15 Pro+ 12/256 ГБ Black (черный) Global Version;33500;https://trubkoved.ru/catalog/smartfony/xiaomi/xiaomi-redmi-note-15-pro-plus-12256-gb-black-chernyj-global-version/
Xiaomi Redmi Note 15 Pro+ 12/256 ГБ Glacier Blue (синий) Global Version;33500;https://trubkoved.ru/catalog/smartfony/xiaomi/xiaomi-redmi-note-15-pro-plus-12256-gb-glacier-blue-sinij-global-version/
Xiaomi Redmi Note 15 Pro+ 12/512 ГБ Black (черный) Global Version;34990;https://trubkoved.ru/catalog/smartfony/xiaomi/xiaomi-redmi-note-15-pro-plus-12512-gb-black-chernyj-global-version/
Xiaomi Redmi Note 15 Pro+ 12/512 ГБ Glacier Blue (синий) Global Version;35490;https://trubkoved.ru/catalog/smartfony/xiaomi/xiaomi-redmi-note-15-pro-plus-12512-gb-glacier-blue-sinij-global-version/
Xiaomi Redmi Note 15 Pro+ 12/512 ГБ Mocha Brown (коричневый) Global Version;35490;https://trubkoved.ru/catalog/smartfony/xiaomi/xiaomi-redmi-note-15-pro-plus-12512-gb-mocha-brown-korichnevyj-global-version/
Xiaomi Redmi Note 15 Pro+ 8/256 ГБ Black (черный) Global Version;29990;https://trubkoved.ru/catalog/smartfony/xiaomi/xiaomi-redmi-note-15-pro-plus-8256-gb-black-chernyj-global-version/
